shortnam;avexpr;logem4;avelf;protmg80;no_cpm80;catho80;muslim80;legor_fr;f_brit;f_french;temp1;temp2;temp3;temp4;temp5;humid1;humid2;humid3;humid4;steplow;deslow;stepmid;desmid;drystep;drywint;edes1975;euro1900;landlock;goldm;iron;silv;zinc;oilres;malfal94;leb95;imr95;meantemp;lt100km;yellow;lat_abst;ind_time;exconst_01;democ_01;exconst_00;democ_00;exconst_70;exconst_90;logpgp95;loghjypl;baseco;neo_europe;africa;asia
AFG;NA;4,54009819;0,4484412;0;0,6999969;0;99,3;1;1;0;10;14;40;-21;11;51;80;22;70;1;1;0;0;0;0;0;0;1;0;0;0;0;0;0,00438;NA;NA;NA;NA;0;0,3666667;1800;1;1;1;1;3;2;NA;NA;0;0;0;1
AGO;5,363636494;5,634789467;0,772755;19,8;11,5;68,7;0;1;0;0;26;28;37;14;21;77;84;74;78;1;1;0;0;0;0;0;8;0;0;0;0;0;146000;1;46,49;125;22,94133;0,118758;1;0,1366667;1975;3;0;1;1;1;3;7,882699929;-2,955945546;1;0;1;0
ARE;7,181818008;NA;NA;0,3;4,399999;0,4;94,9;0;1;0;NA;NA;NA;NA;NA;NA;NA;NA;NA;NA;NA;NA;NA;NA;NA;0;0;0;NA;NA;NA;NA;NA;0;NA;NA;NA;NA;0;0,2666667;1971;3;0;1;1;1;3;11,4044953;0,707354927;0;0;0;1
ARG;6,386363506;4,232656002;0,1769318;2,7;5,500001;91,6;0,2;1;0;0;17;25;40;-6;6;81;92;60;79;1;0;0;1;0;0;90;60,00000381;0;0;0;0;0;46900;0;72,89;21,8;17,1;0,123089;0;0,3777778;1825;1;1;3;3;1;6;9,207295859;-1,814341383;1;0;0;0
ARM;NA;NA;NA;0;100;0;0;0;0;0;8;12;40;-27;10;62;91;36;75;0;0;1;0;0;0;0;0;0;0;0;0;0;0;0;NA;NA;NA;NA;0;0,4444444;1991;5;6;1;1;1;1;7,505649789;NA;0;0;0;1
AUS;9,318181992;2,145931244;0,1127971;23,5;46,7;29,6;0,2;0;1;0;17;18;43;-10;3;56;85;35;64;1;1;0;0;0;0;99;98;0;3;16;9;12;99100;0;78,25;5,6;20,9;0,198958;1;0,3;1901;7;10;1;1;7;7;9,946386907;-0,440004775;1;1;0;0
AUT;9,727272987;NA;0,0332123;6,5;4,099997;88,8;0,6;0;0;0;8;13;38;-23;9;72;86;49;76;0;0;0;0;0;0;100;100;1;0;0;0;0;11900;0;NA;NA;NA;NA;0;0,5244445;1800;1;0;3;1;7;7;10,07068775;-0,637188341;0;0;0;0
AZE;NA;NA;NA;0;6,599998;0;93,4;0;0;0;14;12;40;-27;10;62;91;36;75;0;0;1;0;0;0;0;0;1;0;0;0;0;177000;0;NA;NA;NA;NA;0;0,4477778;1991;3;1;1;1;1;1;7,76608481;NA;0;0;0;1
BDI;NA;5,634789467;0,0133333;4,9;15,9;78,3;0,9;1;0;0;24;28;31;17;20;55;82;55;82;0;0;0;0;0;0;0;0;0;0;0;0;0;0;1;NA;NA;NA;NA;1;0,0366667;1962;3;0;1;1;1;2;6,319629943;-3,873076886;0;0;1;0
BEL;9,681818008;NA;0,3638344;0,4;8,5;90;1,1;1;0;0;10;13;37;-17;6;87;94;65;86;0;0;0;0;0;0;100;100;0;0;0;0;0;0;0;NA;NA;NA;NA;0;0,5611111;1830;3;0;5;5;7;7;10,01647119;-0,417161292;0;0;0;0
BEN;NA;5,585449219;0,6831192;2,8;63,5;18,5;15,2;1;0;1;27;31;35;18;22;83;91;68;78;1;0;0;0;0;0;0;0;0;0;0;0;0;3930;1;NA;NA;NA;NA;1;0,1033333;1960;3;4;1;1;1;1;7,294808761;-3,205045264;0;0;1;0
BFA;4,454545498;5,634789467;0,5467181;1,6;46,4;9;43;1;0;1;29;38;48;9;19;38;81;19;67;1;0;0;0;0;0;0;0;1;0;0;0;0;0;1;44,39;98,8;28,1;0;1;0,1444445;1960;3;0;1;1;1;1;6,55742833;-3,657533684;1;0;1;0
BGD;5,136363506;4,268437862;0;0,2;13,7;0,2;85,9;0;1;0;25;29;42;7;24;37;74;37;74;0;0;0;0;0;0;0;0;0;0;0;0;0;0;0,158000007;58,13;78,8;25,68621;0,401598;1;0,2666667;1972;7;8;1;1;1;2;6,978311003;-3,156909102;1;0;0;1
BGR;8,909090996;NA;0,1157407;0,4;88,5;0,5;10,6;0;0;0;9;16;37;-21;8;71;90;46;78;0;0;0;0;0;0;100;100;0;0;0;0;0;34;0;NA;NA;NA;NA;0;0,4777778;1879;3;0;1;0;3;4;8,95212093;-1,428508794;0;0;0;0
BHR;8;NA;NA;0,9;3,3;0,8;95;0;1;0;25;29;45;5;24;69;85;63;77;0;1;0;0;0;0;0;0;0;0;0;0;0;131000;NA;NA;NA;NA;NA;0;0,2888889;1971;1;0;1;1;1;1;10,52027864;-0,83081639;0;0;0;1
BHS;7,5;4,442651272;0;47,2;27,3;25,5;0;0;1;0;25;29;34;5;19;79;84;62;73;0;0;0;0;0;0;10;10;0;0;0;0;0;0;NA;NA;NA;NA;NA;1;0,2683333;NA;NA;NA;NA;NA;NA;NA;9,91042435;-0,386553552;1;0;0;0
BIH;NA;NA;NA;4;41;15;40;0;0;0;10;20;41;-22;7;70;93;40;77;0;0;0;0;0;0;100;100;0;0;0;0;0;0;0;NA;NA;NA;NA;0;0,4888889;1992;NA;NA;NA;NA;NA;NA;7,097211619;NA;0;0;0;0
BLR;NA;NA;NA;0;86;14;0;0;0;0;4;2;32;-32;5;58;87;43;83;0;0;0;0;0;0;100;100;1;0;0;0;0;0;0;NA;NA;NA;NA;0;0,5888889;1991;7;7;1;1;1;1;8,256875146;NA;0;0;0;0
BLZ;NA;5,095589161;0,4090909;13,2;20;66,8;0;0;1;0;26;32;36;9;18;90;94;86;91;0;0;0;0;0;0;20;20;0;0;0;0;0;0;NA;NA;NA;NA;NA;1;0,1905556;NA;NA;NA;NA;NA;NA;NA;8,425634548;-1,625344198;0;0;0;0
BOL;5,636363506;4,262680054;0,5994118;2,3;5,2;92,5;0;1;0;0;12;21;27;-3;2;77;93;49;74;0;0;0;0;0;0;30,00000191;30,00000191;1;0;0;0;0;14300;0,00528;61,39;65,6;21,5;0;1;0,1888889;1825;3;1;3;3;2;7;7,989836676;-2,898588378;1;0;0;0
BRA;7,909090996;4,262680054;0,0557809;4;8,099997;87,8;0,1;1;0;0;25;32;39;10;18;82;87;68;74;1;0;0;0;0;0;55;40;0;2;0,100000001;0;1;19400;0,193499997;66,78;42,4;23,7;0,092516;1;0,1111111;1824;1;1;3;1;1;6;8,99849406;-1,802388424;1;0;0;0
BRB;NA;4,442651272;0,0733333;33,2;60,7;5,9;0,2;0;1;0;26;31;33;16;21;67;79;64;78;0;0;0;0;0;0;20;20;0;0;0;0;0;21000;NA;NA;NA;NA;NA;1;0,1455556;NA;NA;NA;NA;NA;NA;NA;9,218793678;-0,907976105;0;0;0;0
BTN;NA;NA;0,4375;0;95;0;5;0;1;0;17;24;36;-2;18;68;90;53;84;0;0;0;0;0;0;0;0;1;0;0;0;0;0;NA;NA;NA;NA;NA;0;0,3033333;1907;1;0;1;1;1;1;7,685708169;-2,733980057;0;0;0;0
BWA;7,727272511;NA;0,3775;26,8;63,8;9,4;0;0;1;0;20;31;42;-4;10;55;74;55;74;1;0;0;0;0;0;0;0;1;0;0;0;0;0;0,389999986;NA;NA;NA;NA;1;0,2444444;1966;5;6;1;1;5;6;8,856833521;-1,700388114;0;0;1;0
CAF;NA;5,634789467;0,7855555;50;13,7;33,1;3,2;1;0;1;27;34;38;14;18;90;96;49;72;0;0;0;0;0;0;0;0;1;0;0;0;0;0;1;NA;NA;NA;NA;1;0,0777778;1960;1;0;1;1;1;1;6,485990872;-3,499502302;0;0;1;0
CAN;9,727272987;2,778819323;0,3761876;29,6;23,2;46,6;0,6;0;1;0;4;12;39;-37;3;76;90;40;76;0;0;1;0;0;0;98;99;0;4;7;13;15;185000;0;78,98;6;-0,2;0,021164;0;0,6666667;1867;7;7;7;9;7;7;10,06061443;-0,380719399;1;1;0;0
CHE;10;NA;0,307598;43,2;3,7;52,8;0,3;0;0;0;9;15;38;-23;7;80;92;51;76;0;0;0;0;0;0;100;100;1;0;0;0;0;0;0;NA;NA;NA;NA;0;0,5222222;1848;7;10;7;10;7;7;10,304827;-0,346252367;0;0;0;0
CHL;7,818181992;4,232656002;0,050625;1,9;16;82,1;0;1;0;0;17;27;37;-4;6;70;93;38;64;1;1;0;0;0;0;50;50;0;0;0;0;0;21700;0;74,94;12,8;13,4;0,660182;0;0,3333333;1816;1;1;7;5;5;7;8,902704518;-1,398903995;1;0;0;0
CHN;7,772727489;4,770684719;0,2333264;0;97,6;0;2,4;0;0;0;11;13;43;-23;15;46;74;46;74;0;0;1;1;0;0;0;0;0;0;5;0;3;19800;0,00552;NA;NA;NA;NA;0;0,3888889;1800;1;1;1;1;2;3;7,529704009;-3,06345231;0;0;0;1
CIV;7;6,504288197;0,8565299;4,7;52,8;18,5;24;1;0;1;26;31;36;15;20;93;96;71;82;0;0;0;0;0;0;0;0;0;0;0;0;0;7460;1;46,72;87,3;26,0907;0,171056;1;0,0888889;1960;1;0;1;1;1;1;7,646964957;-2,492563822;1;0;1;0
CMR;6,454545498;5,634789467;0,8520455;18,1;24,9;35;22;1;0;0;25;31;36;14;17;97;98;62;75;0;0;0;0;0;0;0;0;0;0;0;0;0;31900;1;54,73;74,4;24,43333;0,09824;1;0,0666667;1960;5;4;1;1;3;2;7,405453157;-2,64033047;1;0;1;0
COG;4,681818008;5,480638981;0,6692753;24,9;20,8;53,9;0,4;1;0;1;25;32;37;12;19;77;89;54;71;0;0;0;0;0;0;0;0;0;0;0;0;0;338000;1;48,55;89,5;24,74141;0,047893;1;0,0111111;1960;4;4;1;1;3;2;8,069807813;-2,686340024;1;0;1;0
COL;7,318181992;4,262680054;0,055796;0,9;2,300002;96,6;0,2;1;0;0;14;22;24;4;7;82;88;51;64;0;0;0;0;0;0;25;20;0;0;0;0;0;57;0,249899998;70,43;30;22,5;0,159722;1;0,0444444;1832;3;4;3;1;6;6;8,764336625;-1,417791952;1;0;0;0
COM;NA;NA;1;0,1;0,100003;0,1;99,7;1;0;1;26;30;33;19;22;74;79;74;78;0;0;0;0;0;0;5;5;0;0;0;0;0;0;NA;NA;NA;NA;NA;1;0,1344444;1975;5;4;1;1;1;1;7,384123557;-1,636245346;0;0;1;0
CPV;NA;NA;0,375;3;1,099998;95,9;0;1;0;0;25;30;34;13;22;58;74;54;73;0;0;0;0;0;0;5;5;0;0;0;0;0;0;NA;NA;NA;NA;NA;1;0,1777778;1975;5;2;1;1;1;5;7,466393419;-2,708218714;0;0;1;0
CRI;7,045454502;4,357990265;0,0532143;5,8;3,7;90,5;0;1;0;0;21;29;33;9;14;80;92;55;78;0;0;0;0;0;0;20;20;0;0;0;0;0;0;0;76,03;12,1;25,1;1;1;0,1111111;1838;3;0;7;8;7;7;8,774353968;-1,448143257;1;0;0;0
CZE;8,863636017;NA;NA;4,6;56,2;39,2;0;0;0;0;5;13;38;-28;6;74;87;45;78;0;0;0;0;0;0;100;100;1;0;0;0;0;0;0;NA;NA;NA;NA;0;0,5494444;1993;7;10;1;1;3;3;9,534302231;NA;0;0;0;0
DEU;NA;NA;0,0437553;46,4;18,58;35;0,02;0;0;0;8;14;38;-24;8;78;91;50;81;0;0;0;0;0;0;100;100;0;0;0;0;0;5580;0;NA;NA;NA;NA;0;0,5666667;1871;3;0;4;4;1;1;10,0650829;-0,705313864;0;0;0;0
DJI;NA;3,258096457;0,7142857;0,2;2,500002;6,7;90,6;1;0;1;32;34;47;17;23;57;84;43;74;1;0;0;0;0;0;NA;0;0;0;0;0;0;0;NA;NA;NA;NA;NA;1;0,1255556;1977;2;0;1;1;1;2;NA;-2,458826546;0;0;1;0
DNK;9,727272987;NA;0,0275;95,2;4,000003;0,6;0,2;0;0;0;8;10;33;-24;8;70;89;59;87;0;0;0;0;0;0;100;100;0;0;0;0;0;141000;0;NA;NA;NA;NA;0;0,6222222;1800;1;0;3;1;7;7;10,0275328;-0,636946012;0;0;0;0
DOM;6,181818008;4,867534637;0,0108306;1,4;2,000001;96,6;0;1;0;1;26;33;37;15;20;88;92;58;66;0;0;0;0;0;0;25;25;0;0;0;0;0;0;0;70,61;33,6;25,6;1;1;0,2111111;1844;3;1;3;1;3;5;8,504580966;-1,658277093;1;0;0;0
DZA;6,5;4,359269619;0,293724;0;0,4000015;0,5;99,1;1;0;1;21;24;42;0;1;67;75;57;66;0;1;0;0;0;0;0;13;0;0;0;0;0;339000;0;68,89;43,8;19,3;0,047186;0;0,3111111;1962;2;0;1;1;1;3;8,865422332;-0,696099565;1;0;1;0
ECU;6,545454502;4,262680054;0,3253571;1,9;1,699998;96,4;0;1;0;0;15;26;30;0;4;80;94;40;60;0;0;1;0;0;0;30,00000191;30,00000191;0;0;0;0;0;141;0,137249991;69,52;45,6;19,1;0,368411;0;0,0222222;1830;3;1;3;1;5;7;8,637105381;-1,617029173;1;0;0;0
EGY;6,772727489;4,216562271;0,0230618;0,2;17,8;0,2;81,8;1;1;0;24;31;47;1;17;50;70;18;41;0;1;0;0;0;0;0;0;0;0;0;0;0;111000;0;66,27;50,5;22,6;0,239163;0;0,3;1951;7;7;1;1;3;3;8,403943851;-2,494341775;1;0;1;0
ERI;NA;NA;NA;;NA;0;33;1;0;0;31;33;44;17;23;56;83;44;74;0;0;0;0;0;0;0;0;0;0;0;0;0;0;NA;NA;NA;NA;NA;1;0,1666667;1993;3;0;1;1;1;1;7,13800166;NA;0;0;1;0
ESP;9,681818008;NA;0,2745161;0,1;2,999999;96,9;0;1;0;0;15;16;39;-10;8;58;86;33;71;0;0;0;0;0;0;100;100;0;0;0;0;3;575;0;NA;NA;NA;NA;0;0,4444444;1800;1;0;7;6;1;7;9,695743521;-0,699160226;0;0;0;0
EST;NA;NA;NA;66;31,99;2;0,01;0;0;0;5;7;33;-33;5;70;91;58;89;0;0;0;0;0;0;100;100;0;0;0;0;0;NA;0;NA;NA;NA;NA;0;0,6555555;1917;7;8;1;1;3;7;8,772871486;NA;0;0;0;0
ETH;5,727272511;3,258096457;0,6770825;3,8;64,1;0,7;31,4;1;0;0;17;27;34;0;7;56;86;33;73;0;0;0;0;0;0;0;0;0;0;0;0;0;0;0,75;43,32;116;NA;0,021018;1;0,0888889;1855;7;5;7;5;1;2;6,023979999;-4,059515347;1;0;1;0
FIN;9,727272987;NA;0,105;93,1;6,800002;0,1;0;0;0;0;5;7;33;-33;5;70;91;58;89;0;0;0;0;0;0;100;100;0;0;0;0;0;0;0;NA;NA;NA;NA;0;0,7111111;1917;7;8;1;1;7;7;9,880195049;-0,647248843;0;0;0;0
FJI;NA;2,4336133;0,8;39,1;44,1;9;7,8;0;1;0;25;32;37;13;19;76;82;73;79;0;0;0;0;0;0;NA;NA;0;0;0;0;0;0;NA;NA;NA;NA;NA;0;0,2;1970;7;6;1;1;7;3;8,529161384;-1,862179608;0;0;0;0
FRA;9,727272987;1,057790279;0,1454839;2,4;18,2;76,4;3;1;0;0;13;15;40;-15;9;82;91;54;82;0;0;0;0;0;0;100;100;0;0;1;0;0;3090;0;NA;NA;NA;NA;0;0,5111111;1800;1;0;7;8;6;7;9,939212977;-0,455026033;0;0;0;0
GAB;7,818181992;5,634789467;0,7966667;18,8;15,2;65,2;0,8;1;0;1;27;33;37;17;19;85;95;69;79;0;0;0;0;0;0;0;0;0;0;0;0;0;579000;1;52,42;87,3;24,5;0,261791;1;0,0111111;1960;2;0;1;1;1;1;9,564463195;-1,416277502;1;0;1;0
GBR;9,772727013;0,93609333;0,1062846;16,1;69,4;13,1;1,4;0;0;0;12;14;34;-10;7;70;87;56;81;0;0;0;0;0;0;100;100;0;0;0;0;0;71700;0;NA;NA;NA;NA;0;0,6;1800;7;4;7;7;7;7;9,928421041;-0,619182364;0;0;0;0
GEO;NA;NA;NA;0;88;1;11;0;0;0;13;20;40;-15;14;57;80;40;65;0;0;1;0;0;0;100;100;0;0;0;0;0;0;0;NA;NA;NA;NA;0;0,4666667;1991;4;4;1;1;1;1;7,541343042;NA;0;0;0;1
GHA;6,272727489;6,504288197;0,7060708;25,8;39,8;18,7;15,7;0;1;0;27;32;38;15;21;95;97;61;77;1;0;0;0;0;0;0;0;0;0;0;0;0;30;1;60;65,8;26,35758;0,192991;1;0,0888889;1960;3;2;1;1;2;1;7,310266034;-2,675638993;1;0;1;0
GIN;6,545454502;6,180016518;0,75983;0,1;29,8;1,1;69;1;0;1;27;31;36;17;21;83;94;63;87;0;0;0;0;0;0;0;0;0;0;0;0;0;0;1;46,5;124;24,43889;0,140641;1;0,1222222;1958;1;0;1;1;1;1;6,960819504;-2,451242413;1;0;1;0
GMB;8,272727013;7,293017864;0,7803704;0,4;12,9;1,9;84,8;0;1;0;24;33;41;7;21;66;95;26;78;0;0;0;0;0;0;0;0;0;0;0;0;0;0;1;47;122;25,66596;0,3997;1;0,1475556;1965;5;8;1;1;5;5;7,409085681;-2,562065569;1;0;1;0
GNB;4,545454502;5,10388279;0,85;0,6;50,9;10,2;38,3;1;0;0;28;35;43;13;21;70;87;45;74;0;0;0;0;0;0;0;0;0;0;0;0;0;0;1;NA;NA;NA;NA;1;0,1333333;1974;3;0;1;1;1;2;7,087282257;-3,202322504;0;0;1;0
GRC;7,818181992;NA;0,0777778;0,1;98;0,4;1,5;1;0;0;19;21;43;-6;16;47;78;34;63;0;0;0;0;0;0;100;100;0;0;0;0;0;4010;0;NA;NA;NA;NA;0;0,4333333;1827;1;0;7;10;1;7;9,641818284;-0,863677587;0;0;0;0
GTM;5,136363506;4,262680054;0,4766667;4,9;1,1;94;0;1;0;0;19;28;32;5;12;81;92;51;72;0;0;0;0;0;0;20;20;0;0;0;0;0;2700;0,012;64,04;46;21,7;0,425458;1;0,17;1839;1;1;3;4;3;3;8,327401552;-2,195573592;1;0;0;0
GUY;5,886363506;3,471345186;0,2377778;3,9;8,1;18;9;0;1;0;27;31;34;20;22;83;93;69;77;0;0;0;0;0;0;2;2;0;0;0;0;0;0;NA;NA;NA;NA;NA;1;0,0555556;1966;7;5;1;1;1;1;8,50521754;-2,321368278;1;0;0;0
HKG;8,136363983;2,701361179;0,2368212;16,4;4,1;7,9;0,5;0;1;0;21;26;36;0;22;73;87;60;78;0;0;0;0;0;0;0;4;0;0;0;0;0;0;0;NA;NA;22,6;1;0;0,2461111;NA;NA;NA;NA;NA;NA;NA;10,11609897;-0,689111507;1;0;0;1
HND;5,318181992;4,357990265;0,0973593;18;55;95,8;0,1;1;0;0;22;25;30;14;18;79;91;43;70;0;0;0;0;0;0;20;20;0;0;0;0;0;0;0,0108;69,4;35;25,4;0,668602;1;0,1666667;1839;3;1;5;6;3;5;7,756447979;-2,23384839;1;0;0;0
HRV;NA;NA;NA;7,5;84,1;76,5;1,2;0;0;0;12;20;42;-25;8;71;85;46;76;0;0;0;0;0;0;100;100;0;0;0;0;0;NA;0;NA;NA;NA;NA;0;0,5011111;1991;3;1;1;1;1;1;8,986668964;NA;0;0;0;0
HTI;3,727272749;4,867534637;0,0644048;2,6;1,499997;82,6;0;1;0;1;27;34;38;16;20;68;79;43;56;0;0;0;0;0;0;0;0;0;0;0;0;0;0;1;53,75;67,7;26,58033;1;1;0,2111111;1820;1;0;1;0;1;1;6,9769719;-3,092389942;1;0;0;0
HUN;9;NA;0,0650794;0,4;21,9;53,9;0;0;0;0;9;14;39;-23;8;71;88;47;81;0;0;0;0;0;0;100;100;1;0;0;0;0;14000;0;NA;NA;NA;NA;0;0,5222222;1867;3;1;3;1;3;1;9,123690941;-1,321727146;0;0;0;0
IDN;7,590909004;5,135798454;0,6905679;12,8;4,600001;2,7;43,4;1;0;0;28;33;37;19;21;90;95;61;75;0;0;0;0;0;0;0;0;0;0;0;0;0;29700;0,425940007;65,13;48,4;26,8;0,74576;1;0,0555556;1945;1;0;1;1;2;2;8,416774449;-2,56581004;1;0;0;1
IND;8,272727013;3,884240627;0,7421975;4,8;49,1;1,3;11,6;0;1;0;24;28;46;-1;22;35;80;19;64;1;0;0;0;0;0;0;0;0;0;5;0;7;6750;0,281069994;62,59;72,3;25,9;0,156776;0;0,2222222;1947;6;5;1;1;7;7;7,361577425;-3,407310943;1;0;0;1
IRL;9,727272987;NA;0,0903571;20,9;69,1;95,3;0;0;1;0;9;14;30;-12;3;75;88;75;88;0;0;0;0;0;0;100;NA;0;0;0;0;3;0;0;NA;NA;NA;NA;0;0,5888889;1921;7;8;1;1;7;7;9,848032571;-0,670760917;0;0;0;0
IRN;4,772727489;NA;NA;1,1;86;0,1;97,9;1;0;0;15;18;43;-21;15;47;77;39;75;1;1;0;0;0;0;0;0;0;0;0;0;1;1470;0,152319998;NA;NA;NA;NA;0;0,3555556;1800;1;0;1;0;1;3;9,079989588;-2,063124904;0;0;0;1
IRQ;1,636363626;NA;NA;1,1;3,599997;1,8;95,8;1;1;0;21;25;49;-8;18;32;84;12;52;1;0;0;0;0;0;0;0;0;0;0;0;0;5020000;0,00208;NA;NA;NA;NA;0;0,3666667;1924;3;1;1;1;1;1;8,467320983;-0,858162605;0;0;0;1
ISL;9,727272987;NA;0,1;0;1,999998;0,7;0;0;0;0;5;10;23;-17;1;75;83;67;80;0;0;0;0;0;0;100;100;0;0;0;0;0;0;NA;NA;NA;NA;NA;0;0,7222222;NA;NA;NA;NA;NA;NA;NA;10,08299523;-0,462584898;0;0;0;0
ISR;8,545454979;NA;0,3270557;0;2,399997;1;8;0;1;0;20;25;42;-3;11;47;77;32;66;0;1;0;0;0;0;0;0;0;0;0;0;0;0;0;NA;NA;NA;NA;0;0,3477778;1948;7;10;1;1;7;7;9,898454321;-0,558767564;0;0;0;1
ITA;9,454545021;NA;0,0388682;96,6;2,700001;83,2;0,1;1;0;0;17;19;40;-6;12;70;87;42;70;0;0;0;0;0;0;100;100;0;0;0;0;0;12900;0;NA;NA;NA;NA;0;0,4722222;1861;7;1;7;1;7;7;10,01415909;-0,440400649;0;0;0;0
JAM;7,090909004;4,867534637;0,0125;0,2;90,8;9,6;0,1;0;1;0;26;33;36;14;20;77;88;61;73;0;0;0;0;0;0;10;1,899999976;0;0;0;0;0;0;0;74,82;21,9;26,5;1;1;0,2016667;1959;7;10;1;1;7;7;8,737961006;-2,000822639;1;0;0;0
JOR;6,772727489;NA;0,0297194;0,4;16,3;1,7;93;1;1;0;19;24;43;-6;13;39;80;28;56;0;1;0;0;0;0;0;0;0;0;0;0;0;899;0;NA;NA;NA;NA;0;0,3444445;1946;1;0;1;1;2;3;8,558335904;-1,444122546;0;0;0;1
JPN;9,727272987;NA;0,0098803;55,5;34,8;0,6;0;0;0;0;15;22;38;-8;16;71;92;48;69;0;0;0;0;0;0;0;0;0;0;0;0;3;480;0;NA;NA;NA;NA;0;0,4;1800;1;0;7;5;7;7;10,06064014;-0,724590061;0;0;0;1
KAZ;NA;NA;NA;0,3;5;3;47;0;0;0;5;5;42;-33;10;58;91;34;80;0;0;1;1;0;0;NA;NA;1;0;0;0;0;0;0;NA;NA;NA;NA;0;0,5333334;1991;3;1;1;1;1;1;8,686907078;NA;0;0;0;1
KEN;6,045454502;4,976733685;0,8269649;0,9;98,5;26,4;6;0;1;0;18;26;31;5;11;74;89;40;62;1;1;0;0;0;0;0;0;0;0;0;0;0;0;0,910000026;52,04;65,5;22,6;0,082504;1;0,0111111;1963;5;5;1;1;3;3;7,340001004;-2,827628039;1;0;1;0
KGZ;NA;NA;NA;2;48;0;70;0;0;0;2;12;38;-34;7;65;87;39;72;1;0;0;0;0;0;NA;NA;1;0;0;0;0;0;0;NA;NA;NA;NA;0;0,4555556;1991;4;1;1;1;1;1;7,246068103;NA;0;0;0;1
KOR;8,636363983;4,770684719;0;45,3;5,700001;3,9;0;0;0;0;11;12;37;-24;14;77;91;46;67;0;0;0;0;0;0;0;0;0;0;0;0;0;0;0;NA;NA;NA;NA;0;0,4111111;1800;7;5;7;5;1;1;9,510295179;-1,311626659;0;0;0;1
KWT;7,045454502;NA;NA;52;39,8;2,1;95,1;1;1;0;25;26;48;1;26;45;77;41;65;1;1;0;0;0;0;0;0;0;0;0;0;0;0;0;NA;NA;NA;NA;0;0,3255555;1963;3;0;1;1;2;1;11,00093904;-0,452956722;0;0;0;1
LAO;NA;4,941642284;0,25;12,2;83,9;0,8;1;0;0;1;26;33;40;4;21;71;87;71;87;0;0;0;0;0;0;0;0;1;0;0;0;0;0;0,863000035;NA;NA;NA;NA;1;0,2;1953;5;4;1;1;1;3;7,224938935;-3,701647696;0;0;0;1
LBR;3,636363745;6,180016518;0,8030553;0,2;98;1,9;21,2;0;0;0;25;29;34;13;20;87;95;76;86;0;0;0;0;0;0;0;0;0;0;0,800000012;0;0;0;1;NA;NA;NA;NA;1;0,07;1847;7;7;4;1;3;1;NA;-2,830317194;0;0;1;0
LBY;5,272727489;NA;0,1214057;1;25,4;0,2;98,1;1;0;0;24;28;46;1;17;54;72;53;72;0;1;0;0;0;0;0;0;0;0;0;0;0;4500000;0;NA;NA;NA;NA;0;0,2777778;1951;3;0;1;1;1;1;NA;NA;0;0;1;0
LKA;6,045454502;4,245634079;0,3257469;6,3;5,399997;6,8;7,2;0;1;0;27;31;36;15;22;71;80;66;78;0;0;0;0;0;0;0;0;0;0;0;0;0;0;0,200000003;73,11;17,6;27,6;0,99362;1;0,0777778;1948;7;7;1;1;7;5;8,075896301;-2,286152895;1;0;0;1
LSO;NA;NA;0,2097619;10,7;1,399999;43,5;0;0;1;0;16;23;38;-9;6;51;75;25;42;0;0;0;0;0;0;0;0;1;0;0;0;0;0;0;NA;NA;NA;NA;1;0,3255555;1966;5;5;1;1;5;1;6,972424454;-3,281313678;0;0;1;0
LTU;NA;NA;NA;0,4;85,6;80;0;0;0;0;5;7;33;-33;5;70;91;58;89;0;0;0;0;0;0;100;100;0;0;0;0;0;0;0;NA;NA;NA;NA;0;0,6222222;1918;7;7;1;1;1;7;8,685435128;NA;0;0;0;0
LUX;10;NA;0,2166667;29,8;26,7;93;0;1;0;0;9;11;37;-20;5;85;95;58;91;0;0;0;0;0;0;100;100;1;0;0;0;0;0;NA;NA;NA;NA;NA;0;0,5494444;NA;NA;NA;NA;NA;NA;NA;10,58661594;-0,140983697;0;0;0;0
LVA;NA;NA;NA;;NA;18,2;0,01;0;0;0;4;7;33;-33;5;70;91;58;89;0;0;0;0;0;0;100;100;0;0;0;0;0;0;0;NA;NA;NA;NA;0;0,6333333;1920;7;7;1;1;1;7;8,612694899;NA;0;0;0;0
MAR;7,090909004;4,359269619;0,3479719;14,1;67,69;0,2;99,4;1;0;1;24;27;48;0;12;87;92;59;72;1;0;0;0;0;0;1;1;0;0;0;0;0;0;0;66,64;51;18,5;0,3677858;0;0,3555556;1800;1;1;1;1;1;2;7,96550418;-1,889510887;1;0;1;0
MDA;NA;NA;NA;0;0,3999985;0;0;0;0;0;10;8;35;-25;9;69;92;50;84;0;0;0;0;0;0;100;100;1;0;0;0;0;0;0;NA;NA;NA;NA;0;0,5222222;1991;5;5;1;1;1;1;8,066607859;NA;0;0;0;0
MDG;4,454545498;6,284208775;0,0627486;4,6;4,700003;26;1,7;1;0;1;18;27;35;1;12;85;94;49;71;1;0;0;0;0;0;0;0;0;0;0;0;0;0;1;57,51;82,5;23,3;0,570964;1;0,2222222;1960;3;2;1;1;3;3;7,055552999;-3,393162327;1;0;1;0
MEX;7,5;4,262680054;0,1740741;22;50,3;94,7;0;1;0;0;16;23;32;-3;9;66;86;26;54;0;1;0;0;0;0;15,00000095;15,00000095;0;0;0;13;4;570000;0,00013;72,18;31;19;0,37255;1;0,2555556;1822;3;1;1;0;3;4;9,045773771;-1,040994384;1;0;0;0
MKD;NA;NA;NA;1,2;4,100003;0,5;30,1;0;0;0;10;20;41;-22;7;70;94;46;76;0;0;0;0;0;0;100;100;1;0;0;0;0;0;0;NA;NA;NA;NA;0;0,4611111;1991;5;6;1;1;1;1;8,506703511;NA;0;0;0;0
MLI;4;7,986165047;0,8085691;;NA;0,7;80;1;0;1;29;36;47;8;19;33;94;18;73;0;1;0;0;1;0;0;0;1;0;0;0;0;0;0,620000005;53,3;118;29,3;0;1;0,1888889;1960;3;0;1;1;1;1;6,840690223;-3,729576251;1;0;1;0
MLT;7,227272511;2,791165113;0,1033333;1;68,4;97,3;0;1;1;0;23;22;40;5;18;71;78;59;68;0;0;0;0;0;0;100;NA;0;0;0;0;0;0;NA;NA;NA;NA;NA;0;0,3944444;NA;NA;NA;NA;NA;NA;NA;9,543749451;-1,017087076;1;0;0;0
MMR;5,772727489;3,543853521;0,3839685;0,2;19,1;0,9;3,6;0;1;0;28;34;41;13;22;71;89;52;88;0;0;0;0;0;0;0;0;0;0;0;0;0;0;0,496079981;NA;NA;NA;NA;1;0,2444444;1948;7;7;1;1;1;2;6,397351943;-3,940763878;0;0;0;1
MNG;7,363636494;NA;0,0737439;0,5;2,199997;0;1,4;0;0;0;-4;-6;36;-44;1;64;88;40;75;0;0;1;0;0;0;0;0;1;0;0;0;0;0;0;NA;NA;NA;NA;0;0,5111111;1924;3;0;1;1;3;3;8,048608034;-2,451329198;0;0;0;1
MOZ;6,5;NA;0,7863327;0;98,6;31,4;13;1;0;0;27;34;46;7;17;65;75;57;67;1;0;0;0;0;0;3;2,5;0;0;0;0;0;0;1;NA;NA;NA;NA;1;0,2016667;1975;2;0;1;1;1;3;5,791557122;-4,203582443;0;0;1;0
MRT;NA;5,634789467;0,27;;NA;0,3;99,4;1;0;1;27;36;46;7;22;51;88;30;69;0;1;0;0;0;0;0;0;0;0;0;0;0;0;0;NA;NA;NA;NA;1;0,2222222;1960;5;2;1;1;3;3;8,026561529;-2,023835284;0;0;1;0
MUS;NA;3,417726755;0,7084848;0;0,2999985;31,2;16,4;1;1;0;23;27;35;10;18;80;90;56;74;0;0;0;0;0;0;5;5;0;0;0;0;0;0;0;NA;NA;NA;NA;1;0,2241111;1968;7;9;1;1;7;7;8,807699374;-1,282304075;0;0;1;0
MWI;6,818181992;NA;0,6224373;2,2;2,2;27,6;16,2;0;1;0;19;28;34;-1;13;50;89;28;66;0;0;0;0;0;0;0;2,700000048;0;0;0;0;0;0;1;NA;NA;NA;NA;1;0,1477778;1964;1;0;1;1;1;1;6,373061331;-3,632515545;0;0;1;0
MYS;7,954545498;2,87356472;0,6103704;0,9;51,5;2,8;49,4;0;1;0;28;35;37;18;21;95;97;58;66;0;0;0;0;0;0;0;0;0;0;0;0;0;192000;0,466619998;72;11,4;26,7;0,794407;1;0,0255556;1957;6;7;1;1;3;5;9,273199939;-1,53487199;1;0;0;1
NAM;NA;NA;0,7283334;1,4;46,4;19,1;0;0;1;0;18;25;36;-4;9;27;62;11;35;1;1;0;0;0;0;0;0;0;0;0;0;0;0;0,239999995;NA;NA;NA;NA;1;0,2444444;1990;5;6;1;1;1;5;8,389856459;-1,498324064;0;0;1;0
NER;5;5,991464615;0,7329143;64,2;16,7;0,2;87,9;1;0;1;29;38;46;8;19;26;91;11;68;0;1;0;0;0;0;0;0;1;0;0;0;0;0;0,660000026;48,5;115;28,4;0;1;0,1777778;1960;3;0;1;1;3;2;6,653119118;-3,511161433;1;0;1;0
NGA;5,545454502;7,602900505;0,856709;18,1;5,4;12,1;45;0;1;0;28;34;40;16;21;81;87;65;80;1;0;0;0;1;0;0;0;0;0;0;0;0;168000;1;50,08;81,1;26,65065;0,097769;1;0,1111111;1960;7;8;1;1;1;1;7,634832345;-3,445141754;1;0;1;0
NIC;5,227272511;5,095589161;0,0991796;0;11,9;94,7;0;1;0;0;27;31;34;20;23;80;92;44;70;0;0;0;0;0;0;20;20;0;0;0;0;0;0;0,044;67,86;43,4;26,63333;0,632686;1;0,1444445;1838;1;1;1;1;1;3;7,689327118;-2,010715752;1;0;0;0
NLD;10;NA;0,0634354;15,8;27,1;42,6;1;1;0;0;9;15;34;-20;6;78;89;65;85;0;0;0;0;0;0;100;100;0;0;0;0;0;9460;0;NA;NA;NA;NA;0;0,5811111;1815;1;1;7;4;7;7;10,06003507;-0,510412045;0;0;0;0
NOR;9,954545021;NA;0,0698837;4,4;0,900003;0,3;0,1;0;0;0;5;11;34;-26;4;68;88;52;85;0;0;0;0;0;0;100;100;0;0;0;0;0;2040000;0;NA;NA;NA;NA;0;0,6888889;1814;3;0;7;10;7;7;10,09830398;-0,615755919;0;0;0;0
NPL;NA;NA;0,45;42,4;14;0;3;0;1;0;17;24;36;-2;18;68;90;53;84;0;0;0;0;0;0;0;0;1;0;0;0;0;0;0,046980001;NA;NA;NA;NA;1;0,3111111;1800;1;1;1;1;2;3;6,99810186;-3,67053371;0;0;0;1
NZL;9,727272987;2,145931244;0,1475699;97,8;1,800005;18,7;0;0;1;0;15;19;31;-2;5;73;81;67;78;0;0;0;0;0;0;91,69999695;93;0;0;0;0;0;48300;0;76,9;6,8;12,8;0,959488;0;0,4555556;1857;7;10;7;10;7;7;9,793046332;-0,725662053;1;1;0;0
OMN;7,136363506;NA;NA;0;97;0,1;98,9;1;0;0;29;31;47;11;26;58;82;60;80;0;0;0;0;0;0;0;0;0;0;0;0;0;2670000;0,586520016;NA;NA;NA;NA;0;0,2333333;1800;1;0;1;0;1;1;10,26047448;-1,016720625;0;0;0;1
PAK;6,045454502;3,610647678;0,6215599;37,9;43,4;0,5;96,8;0;1;0;22;24;48;-4;17;19;54;19;54;1;1;0;0;0;0;0;0;0;0;0;0;0;3220;0,526710033;63,95;74,1;13,5;0,094196;1;0,3333333;1972;7;8;1;1;1;7;7,769552871;-2,32927987;1;0;0;1
PAN;5,909090996;5,095589161;0,1908333;0,1;0,8999985;85;4,5;1;0;0;27;34;36;17;21;81;91;78;92;0;0;0;0;0;0;20;20;0;0;0;0;0;0;0,137999997;73,6;21,4;27,5;1;1;0,1;1903;3;0;1;1;1;6;8,811440482;-1,429577871;1;0;0;0
PER;5,772727489;4,262680054;0,4315909;0,8;1,899997;95,1;0;1;0;0;22;26;34;9;16;92;95;64;80;0;1;0;0;0;0;30,00000191;30,00000191;0;0;0;9;5;16600;0,00205;68,32;45;20,5;0,173208;0;0,1111111;1821;1;1;3;4;1;6;8,40025717;-2,031080755;1;0;0;0
PHL;5,454545498;NA;0,7238207;5,2;5,3;84,1;4,3;1;0;0;27;34;38;14;22;85;93;55;74;0;0;0;0;0;0;1;1;0;0;0;0;0;2220;0,616999984;NA;NA;NA;NA;0;0,1444445;1935;3;6;1;1;3;7;7,99630783;-2,338555383;0;0;0;1
PNG;7,272727489;5,135798454;0,8027273;2,7;2,200001;32,8;0;0;1;0;28;32;37;18;21;72;78;69;78;0;0;0;0;0;0;0;0;0;0;0;0;0;81500;0,790000021;NA;NA;NA;NA;0;0,0666667;1975;5;4;1;1;1;5;7,688440181;NA;0;0;0;1
POL;7,681818008;NA;0,0390492;3,8;7,800001;81;0;0;0;0;7;11;35;-29;7;80;93;56;87;0;0;0;0;0;0;100;100;0;0;0;0;2;1100;0;NA;NA;NA;NA;0;0,5777778;1918;7;8;1;1;3;4;8,944637184;-1,498450207;0;0;0;0
PRK;NA;NA;NA;0,1;18,9;0;0;0;0;0;9;-3;29;-13;20;63;80;63;80;0;0;0;0;0;0;0;0;0;0;0;0;3;0;0;NA;NA;NA;NA;0;0,4444444;1948;3;0;1;1;1;1;NA;NA;0;0;0;0
PRT;9,181818008;NA;0,0025;5,1;3,4;94,1;0;1;0;0;20;21;40;-1;13;62;85;48;72;0;0;0;0;0;0;100;100;0;0;0;0;0;0;0;NA;NA;NA;NA;0;0,4366667;1800;1;0;5;2;1;7;9,573014666;-1,146460657;0;0;0;0
PRY;6,954545498;4,357990265;0,4111111;0;100;96;0;1;0;0;22;37;43;-2;12;73;89;48;62;0;0;0;0;0;0;25;25;1;0;0;0;0;0;0,0051;69,61;39,2;23;0;0;0,2555556;1811;1;0;2;1;1;3;8,807741331;-2,075074938;1;0;0;0
QAT;7,727272511;NA;NA;1,9;2,1;1,2;92,4;1;1;0;26;29;48;3;23;61;82;59;65;0;0;0;0;0;0;0;0;0;0;0;0;0;7630000;NA;NA;NA;NA;NA;0;0,2811111;1971;1;0;1;1;1;1;NA;-0,772251555;0;0;0;1
ROM;7,272727489;NA;0,1220442;0,9;5,499999;4,9;1,2;0;0;0;8;16;41;-32;8;58;89;58;89;0;0;0;0;0;0;100;100;0;0;0;0;0;68000;0;NA;NA;NA;NA;0;0,5111111;1859;5;3;3;0;3;0;NA;NA;0;0;0;0
RUS;8,454545021;NA;NA;0,5;0,9999969;1,4;11,3;0;0;0;3;2;32;-32;5;58;87;43;83;0;0;1;1;0;0;100;100;0;0;0;0;0;NA;0;NA;NA;NA;NA;0;0,6666667;1800;1;0;1;0;3;5;8,632890613;NA;0;0;0;0
RWA;NA;5,634789467;0,0608621;5,8;88,1;55,6;8,6;1;0;0;20;24;27;12;14;59;83;59;83;0;0;0;0;0;0;0;0;1;0;0;0;0;0;1;NA;NA;NA;NA;1;0,0222222;1961;1;1;1;1;1;1;6,23003198;-3,635492692;0;0;1;0
SAU;7,590909004;NA;NA;0;87,3;0,1;98,8;0;0;0;23;30;45;-7;19;33;65;19;44;0;1;0;0;0;0;0;0;0;0;0;0;0;15700000;0,028619999;NA;NA;NA;NA;0;0,2777778;1926;1;0;1;1;1;1;10,53205695;-0,53428115;0;0;0;1
SDN;4;4,479607105;0,51218;11,6;24,2;4,4;73;0;1;0;29;40;48;5;19;18;67;10;41;0;1;0;0;1;0;0;0;0;0;0;0;0;10900;0,810000002;54,97;70,9;28,5;0,02323;1;0,1666667;1956;7;7;1;1;1;1;7,270184737;-2,40636099;1;0;1;0
SEN;6;5,10388279;0,7788682;0,1;0,999997;5,6;91;1;0;1;28;35;43;12;21;70;88;45;74;0;1;0;0;1;0;0;0;0;0;0;0;0;0;1;52,32;63,2;27,2;0,244762;1;0,1555556;1960;3;3;1;1;3;3;7,407335659;-2,440776901;1;0;1;0
SGP;9,318181992;2,87356472;0,3215287;0,1;22,5;4,7;17,4;0;1;0;28;33;36;19;21;76;82;70;78;0;0;0;0;0;0;0;4;0;0;0;0;0;0;0;77,1;4,9;27,1;1;1;0,0135556;1965;3;0;1;1;3;3;10,46679814;-0,92380785;1;0;0;1
SLE;5,818181992;6,180016518;0,8129566;2,6;75,3;2,2;39,4;0;1;0;25;31;33;13;20;73;83;70;79;1;0;0;0;0;0;0;0;0;0;0;0;0;0;1;37,24;170;26,2;0,466186;1;0,0922222;1961;5;6;1;1;4;3;6,502405672;-3,215095313;1;0;1;0
SLV;5;4,357990265;0,0514286;39,8;41,1;96,2;0;1;0;0;9;20;42;-25;8;71;85;46;76;0;0;0;0;0;0;20;20;0;0;0;0;0;0;0;69,13;32;23,57101;1;1;0,15;1841;3;1;3;1;3;5;8,264516803;-3,252589664;1;0;0;0
SOM;3;NA;0,079116;4,8;53,6;0;99,8;0;1;0;28;30;36;15;21;78;85;75;80;1;1;0;0;0;0;0;0;0;0;0;0;0;0;1;NA;NA;NA;NA;1;0,1111111;1960;7;7;1;1;1;1;NA;NA;0;0;1;0
STP;8,409090996;NA;0;2,4;1,400003;92,4;0;1;0;0;19;22;44;-6;15;51;83;34;66;0;0;0;0;0;0;100;100;0;0;0;0;0;0;NA;NA;NA;NA;NA;1;0,0111111;NA;NA;NA;NA;NA;NA;NA;NA;-2,768944142;0;0;0;0
SUR;4,681818008;3,471345186;0,75;0;0,1999969;36;13;1;0;0;27;33;37;17;19;87;92;66;80;0;0;0;0;0;0;1;1;0;0;0;0;0;0;NA;NA;NA;NA;NA;1;0,0444444;1975;5;5;1;1;1;3;8,826497419;-1,15276819;0;0;0;0
SVK;NA;NA;NA;2,2;5,399999;74;0;0;0;0;6;10;39;-27;4;74;90;51;82;0;0;0;0;0;0;100;100;1;0;0;0;0;NA;0;NA;NA;NA;NA;0;0,5377778;1993;6;7;1;1;1;1;9,068374464;NA;0;0;0;0
SVN;NA;NA;NA;36,6;14,4;71,4;1,5;0;0;0;NA;NA;NA;NA;NA;NA;NA;NA;NA;NA;NA;NA;NA;NA;NA;100;NA;0;NA;NA;NA;NA;NA;0;NA;NA;NA;NA;0;0,5111111;1991;7;10;1;1;1;1;9,517436299;NA;0;0;0;0
SWE;9,5;NA;0,0650368;8,4;17,6;1,4;0,1;0;0;0;6;10;35;-28;8;66;89;53;86;0;0;0;0;0;0;100;100;0;0;3;0;0;0;0;NA;NA;NA;NA;0;0,6888889;1800;1;0;5;2;7;7;10,0454369;-0,612003349;0;0;0;0
SWZ;NA;NA;0;0;27,1;10,8;0,1;0;1;0;NA;NA;NA;NA;NA;NA;NA;NA;NA;NA;NA;NA;NA;NA;NA;0;0;1;NA;NA;NA;NA;NA;NA;NA;NA;NA;NA;1;0,2922222;NA;NA;NA;NA;NA;NA;NA;8,318005094;-1,347178243;0;0;1;0
SYR;5,818181992;NA;0,094792;33,9;55,2;1,3;89,6;1;0;1;20;21;45;-6;13;43;81;19;59;0;1;0;0;0;0;0;0;0;0;0;0;0;123000;0,0616;NA;NA;NA;NA;0;0,3888889;1946;5;4;1;1;1;1;NA;-2,781639522;0;0;0;1
TCD;NA;5,634789467;0,6662003;1,1;9,299997;21;44;1;0;1;28;36;46;8;19;32;93;10;72;0;1;0;0;0;0;0;0;1;0;0;0;0;0;0,699999988;NA;NA;NA;NA;1;0,1666667;1960;3;0;1;1;3;1;6,604923603;-3,449211175;0;0;1;0
TGO;6,909090996;6,504288197;0,7284868;0,2;8,900002;29,3;17;1;0;1;27;32;38;15;21;95;97;61;77;1;0;0;0;1;0;0;0;0;0;0;0;0;0;1;48,84;83,9;26,8;0,16769;1;0,0888889;1960;3;0;1;1;1;1;6,737436046;-3,183685085;1;0;1;0
THA;7,636363506;4,941642284;0,3569488;11,6;23,4;0,4;3,9;0;0;0;28;37;41;11;22;90;94;53;70;0;0;0;0;0;0;0;0;0;0;0;0;0;4260;0,470640004;NA;NA;NA;NA;0;0,1666667;1800;1;0;1;0;3;3;8,834161468;-2,364590893;0;0;0;1
TJK;NA;NA;NA;6,1;47,6;0;85;0;0;0;13;19;41;-28;9;59;82;32;63;1;1;0;0;0;0;NA;NA;1;0;0;0;0;0;0;NA;NA;NA;NA;0;0,4333333;1991;3;1;1;1;1;1;6,945738207;NA;0;0;0;1
TKM;NA;NA;NA;0,2;95,5;0;87;0;0;0;14;16;42;-17;14;52;77;41;69;1;0;0;0;0;0;NA;NA;1;0;0;0;0;0;0;NA;NA;NA;NA;0;0,4444444;1991;2;0;1;1;1;1;8,12999677;NA;0;0;0;1
TTO;7,454545498;4,442651272;0,2312698;0;13;35,8;6,5;0;1;0;26;35;38;11;16;83;89;61;76;0;0;0;0;0;0;40;40;0;0;0;0;0;442000;0;73,8;14,5;25,9;1;1;0,1222222;1962;5;4;1;1;5;7;9,149069625;-0,900803848;1;0;0;0
TUN;6,454545498;4,143134594;0,0702522;61,9;20,2;0,1;99,4;1;0;1;24;25;48;-1;11;72;86;40;64;1;0;0;0;0;0;0;3;0;0;0;0;0;198000;0;69,5;30,3;19,6;0,479655;0;0,3777778;1956;3;1;1;1;1;2;8,401510455;-1,616258781;1;0;1;0
TUR;7,454545498;NA;0,1635684;13,2;44,5;0,1;99,2;1;0;0;9;15;38;-25;7;54;86;25;71;0;1;0;0;0;0;0;0;0;0;0;0;0;7970;0;NA;NA;NA;NA;0;0,4333333;1800;1;0;1;0;6;7;9,24710931;-1,139021933;0;0;0;1
TWN;9,227272987;NA;NA;;NA;NA;NA;NA;NA;NA;21;30;38;0;19;90;93;62;75;0;0;0;0;0;0;0;0;0;0;0;0;0;0;0;NA;NA;NA;NA;0;NA;1949;2;0;1;1;2;3;NA;-0,819134884;0;0;0;1
TZA;6,636363506;5,634789467;0,8902469;0;0,4999985;28,2;32,5;0;0;0;22;31;36;8;16;70;84;36;56;0;0;0;0;0;0;0;0;0;0;0;0;0;0;1;47,92;81,5;25,09024;0,088189;1;0,0666667;1961;3;0;1;1;3;3;6,914454053;-3,637607579;1;0;1;0
UGA;4,454545498;5,634789467;0,8357907;0;0,700003;49,6;6,6;0;1;0;24;29;36;12;15;78;89;54;72;0;0;0;0;1;0;0;0;1;0;0;0;0;0;1;39,64;107;21,57432;0;1;0,0111111;1962;7;7;1;1;3;1;6,807684284;-3,431945144;1;0;1;0
UKR;NA;NA;NA;11,2;28,1;0;0;0;0;0;5;8;35;-25;9;69;92;50;84;0;0;0;0;0;0;100;100;0;0;0;0;0;NA;0;NA;NA;NA;NA;0;0,5444444;1991;6;6;1;1;1;1;8,29079577;NA;0;0;0;0
URY;7;4,262680054;0,0666667;1,9;41,9;59,5;0;1;0;0;20;26;43;-4;8;73;89;52;69;0;0;0;0;0;0;90;60,00000381;0;0;0;0;0;0;0;73,93;17,5;18,4;0,312329;0;0,3666667;1830;1;1;1;1;5;7;9,040403912;-1,394451487;1;0;0;0
USA;10;2,708050251;0,2090314;0;100;30;0,8;0;1;0;27;32;37;15;21;62;70;59;68;0;0;0;0;0;0;83,6000061;87,5;0;11;6;11;13;95700;0;76,7;7,1;11,2;0,111732;1;0,4222222;1776;5;2;7;9;7;7;10,26433443;-0,2432883;1;1;0;0
UZB;NA;NA;NA;1,9;38,6;0;88;0;0;0;13;16;42;-17;14;52;77;41;69;0;1;0;0;0;0;NA;NA;0;0;0;0;0;0;0;NA;NA;NA;NA;0;0,4555556;1991;1;0;1;1;1;1;7,627911566;NA;0;0;0;1
VEN;7,136363506;4,357990265;0,0525;0;12;94,8;0;1;0;0;20;28;33;7;12;78;84;60;63;1;1;0;0;0;0;20;20;0;0;2;0;0;3040000;0,0704;72,41;20,9;14,8;0,24409;1;0,0888889;1830;1;1;3;1;6;6;9,349417757;-1,317474884;1;0;0;0
VNM;6,409090996;4,941642284;0,1176471;1;4,199997;3,9;1;0;0;1;25;33;43;6;22;74;83;67;76;0;0;0;0;0;0;0;0;0;0;0;0;0;7140;0,74000001;67,39;38,2;25,55714;0,570282;1;0,1777778;1954;3;0;1;1;1;3;7,240263569;-3,498158062;1;0;0;1
YEM;6,363636494;NA;0,0122;0,2;3,899997;0;99,5;1;0;0;30;31;41;19;24;63;79;52;69;0;0;0;0;0;0;0;0;0;0;0;0;0;309000;0,673080027;NA;NA;NA;NA;0;0,1666667;1990;2;1;1;1;1;1;7,813277999;NA;0;0;0;1
YUG;6,318181992;NA;0,2777778;76,3;2,400005;4;19;0;0;0;NA;NA;NA;NA;NA;NA;NA;NA;NA;NA;NA;NA;NA;NA;NA;100;100;0;NA;NA;NA;NA;NA;0;NA;NA;NA;NA;0;0,4888889;1991;3;0;1;1;1;1;NA;NA;0;0;0;0
ZAF;6,863636494;2,740839958;0,8309818;0,1;0,4;10,4;1,3;0;1;0;19;29;39;-2;7;71;91;54;67;1;0;0;0;0;1;16;22;0;47;4;0;2;0;0;54,73;59,2;17,7;0,19633;0;0,3222222;1910;7;7;1;1;7;7;8,812217982;-1,153590908;1;0;1;0
ZAR;3,5;5,480638981;0,8722529;1;76;48,4;1,4;1;0;0;25;32;36;14;19;88;95;61;73;0;0;0;0;0;0;0;8;0;0;0;0;3;4540;1;NA;NA;NA;NA;1;0;1960;1;1;1;1;1;1;NA;NA;1;0;1;0
ZMB;6,636363506;NA;0,8293977;39;49,3;26,2;0,3;0;1;0;21;28;38;4;14;39;85;19;71;1;0;0;0;0;0;0;3;1;0;0;0;0;0;1;NA;NA;NA;NA;1;0,1666667;1964;3;4;1;1;2;1;7,280425142;-2,765832796;0;0;1;0
ZWE;6;NA;0,5986364;29;21,2;14,4;0,9;0;1;0;18;26;35;0;9;43;77;26;57;1;0;0;0;0;0;4;7,199999809;0;0;0;0;0;0;0,699999988;NA;NA;NA;NA;1;0,2222222;1980;5;5;1;1;1;3;7,57203083;-2,235410714;0;0;1;0
;;;;;;;;;;;;;;;;;;;;;;;;;;;;;;;;;;145;;;;;;;;;;;;;;;;;;;
